product,issue,count
Checking or savings account,Closing an account,712
Checking or savings account,Credit monitoring or identity theft protection services,3
Checking or savings account,Improper use of your report,4
Checking or savings account,Incorrect information on your report,8
Checking or savings account,Managing an account,2508
Checking or savings account,Opening an account,424
Checking or savings account,Problem caused by your funds being low,185
Checking or savings account,Problem with a company's investigation into an existing problem,11
Checking or savings account,Problem with a lender or other company charging your account,524
Checking or savings account,Unable to get your credit report or credit score,1
Checking or savings account,Unspecified issue,1
Credit card,"Advertising and marketing, including promotional offers",211
Credit card,Closing your account,338
Credit card,Credit monitoring or identity theft protection services,16
Credit card,Fees or interest,509
Credit card,Getting a credit card,730
Credit card,Improper use of your report,51
Credit card,Incorrect information on your report,565
Credit card,"Other features, terms, or problems",533
Credit card,Problem when making payments,321
Credit card,Problem with a company's investigation into an existing problem,335
Credit card,Problem with a purchase shown on your statement,1325
Credit card,Problem with fraud alerts or security freezes,5
Credit card,Struggling to pay your bill,53
Credit card,Trouble using your card,190
Credit card,Unable to get your credit report or credit score,4
"Money transfer, virtual currency, or money service",Confusing or misleading advertising or marketing,4
"Money transfer, virtual currency, or money service",Confusing or missing disclosures,29
"Money transfer, virtual currency, or money service",Fraud or scam,493
"Money transfer, virtual currency, or money service",Lost or stolen money order,18
"Money transfer, virtual currency, or money service","Managing, opening, or closing your mobile wallet account",47
"Money transfer, virtual currency, or money service",Money was not available when promised,114
"Money transfer, virtual currency, or money service",Other service problem,41
"Money transfer, virtual currency, or money service",Other transaction problem,203
"Money transfer, virtual currency, or money service","Overdraft, savings, or rewards features",1
"Money transfer, virtual currency, or money service",Problem adding money,6
"Money transfer, virtual currency, or money service",Problem with customer service,28
"Money transfer, virtual currency, or money service",Trouble accessing funds in your mobile or digital wallet,70
"Money transfer, virtual currency, or money service",Unauthorized transactions or other transaction problem,96
"Money transfer, virtual currency, or money service",Unexpected or other fees,24
"Money transfer, virtual currency, or money service",Wrong amount charged or received,9
