week,total,narratives,Accounts,Credit cards,Transfers
2024-01-01,165,86,80,71,14
2024-01-08,167,91,72,72,23
2024-01-15,144,73,57,71,16
2024-01-22,168,86,69,77,22
2024-01-29,208,107,86,90,32
2024-02-05,181,97,76,83,22
2024-02-12,185,91,63,95,27
2024-02-19,183,86,78,85,20
2024-02-26,233,124,88,116,29
2024-03-04,199,99,94,83,22
2024-03-11,204,101,79,99,26
2024-03-18,234,122,87,114,33
2024-03-25,203,101,82,101,20
2024-04-01,214,104,88,100,26
2024-04-08,211,124,73,110,28
2024-04-15,210,134,75,118,17
2024-04-22,169,89,79,78,12
2024-04-29,204,107,70,120,14
2024-05-06,205,116,92,93,20
2024-05-13,180,92,74,87,19
2024-05-20,192,103,75,102,15
2024-05-27,174,90,74,82,18
2024-06-03,179,90,74,82,23
2024-06-10,177,90,81,76,20
2024-06-17,202,106,78,99,25
2024-06-24,193,100,80,98,15
2024-07-01,182,80,75,82,25
2024-07-08,205,91,102,85,18
2024-07-15,195,109,93,86,16
2024-07-22,210,112,93,99,18
2024-07-29,217,99,99,97,21
2024-08-05,223,121,94,105,24
2024-08-12,246,123,102,122,22
2024-08-19,241,115,84,135,22
2024-08-26,256,113,92,143,21
2024-09-02,226,100,88,111,27
2024-09-09,254,123,108,130,16
2024-09-16,254,120,94,140,20
2024-09-23,225,111,88,111,26
2024-09-30,213,122,101,85,27
2024-10-07,239,104,103,109,27
2024-10-14,177,88,79,77,21
2024-10-21,255,94,94,135,26
2024-10-28,203,103,89,98,16
2024-11-04,212,103,88,96,28
2024-11-11,242,123,98,111,33
2024-11-18,210,96,80,105,25
2024-11-25,198,115,63,109,26
2024-12-02,196,115,88,82,26
2024-12-09,223,101,76,119,28
2024-12-16,235,125,100,100,35
2024-12-23,229,100,86,112,31
